Family_ICTV	host_ICTV	size_kb_ICTV	topology_ICTV	host_ICTV_simple
Abyssoviridae	invertebrates	35.9-40.0	1 linear segment	invertebrates
Ackermannviridae	bacteria	143.2-164.1	1 linear segment	bacteria
Adamaviridae	invertebrates, vertebrates	1.7-4.1	1-3 circular segments	incl-vertebrates
Adenoviridae	vertebrates	24.6-48.4	1 linear segment	vertebrates
Aggregaviridae	bacteria	43.1-43.2	1 segment	bacteria
Ahmunviridae	archaea	41.5-41.6	1 segment	archaea
Ahpuchviridae	archaea	71.0.71.1	1 segment	archaea
Aliceevansviridae	bacteria	32.0-45.7	1 linear segment	bacteria
Alisviridae	bacteria	33.2-35.3	1 linear segment	bacteria
Aliusviridae	invertebrates	9.8-15.3	1 linear segment	invertebrates
Alloherpesviridae	vertebrates	134.2-295.2	1 linear segment	vertebrates
Allomimiviridae	protists	609.6-668.1	1 circular segment	protists
Alphaflexiviridae	fungi, plants	5.4-8.9	1 linear segment	non-vertebrates
Alphagokushoviridae	bacteria	4.4-5.9	1 circular segment	bacteria
Alphaormycoviridae	protists	4.0-5.0	2 linear segments	protists
Alphasatellitidae	plants, invertebrates	0.9-1.6	1 circular segment	non-vertebrates
Alphatetraviridae	invertebrates	6.6-8.0	1-2 linear segments	invertebrates
Alternaviridae	fungi	8.4-10.9	3-4 linear segments	fungi
Altumviridae	archaea	48.0-56.0	1 linear segment	archaea
Alvernaviridae	protists	4.3-4.4	1 linear segment	protists
Amalgaviridae	fungi, plants	2.8-3.5	1 linear segment	non-vertebrates
Ambiguiviridae	fungi, plants	2.5-7.5	1 segment	non-vertebrates
Amesuviridae	plants	2.7-3.5	1 circular segment	plants
Amnoonviridae	vertebrates	10.3-10.4	10 linear segments	vertebrates
Ampullaviridae	archaea	22.6-28.5	1 linear segment	archaea
Anaerodiviridae	archaea	37.1-37.2	1 linear segment	archaea
Anamaviridae	bacteria	43.9-49.7	1 linear segment	bacteria
Andersonviridae	bacteria	78.3-92.1	1 linear segment	bacteria
Anelloviridae	invertebrates, vertebrates	1.7-4.0	1 circular segment	incl-vertebrates
Anicreviridae	invertebrates, vertebrates	1.9-2.5	1 circular segment	incl-vertebrates
Aoguangviridae	archaea	92.2-92.3	1 linear segment	archaea
Apasviridae	archaea	108.2-108.3	1 linear segment	archaea
Arenaviridae	vertebrates	9.2-17.9	2-3 linear segments	vertebrates
Arenbergviridae	bacteria	286.7-286.8	1 linear segment	bacteria
Armatusviridae	archaea	51.1-51.2	1 linear segment	archaea
Arteriviridae	vertebrates	12.7-15.8	1 linear segment	vertebrates
Artiviridae	invertebrates	6.7-8.3	1 linear segment	invertebrates
Artoviridae	plants, invertebrates	10.5-12.5	1 linear segment	non-vertebrates
Ascoviridae	invertebrates	119.3-199.8	1 circular segment	invertebrates
Asemoviridae	bacteria	10.0-10.6	1 circular segment	bacteria
Asfarviridae	invertebrates, vertebrates	170.1-193.9	1 linear segment	incl-vertebrates
Aspiviridae	plants	10.6-12.5	3-4 linear segments	plants
Assalcaviridae	archaea	41.9-42.0	1 linear segment	archaea
Assiduviridae	bacteria	53.3-57.5	1 linear segment	bacteria
Astroviridae	vertebrates	6.1-7.8	1 linear segment	vertebrates
Atkinsviridae	bacteria	3.3-4.7	1 linear segment	bacteria
Autolykiviridae	bacteria	10.0-10.7	1 linear segment	bacteria
Autonotataviridae	bacteria	30.7-45.0	1 linear segment	bacteria
Autoscriptoviridae	bacteria	35.5-49.4	1 linear segment	bacteria
Autosignataviridae	bacteria	37.7-47.9	1 linear segment	bacteria
Autotranscriptaviridae	bacteria	31.5-45.0	1 linear segment	bacteria
Avsunviroidae	plants	0.2-0.5	1 circular segment	plants
Bacilladnaviridae	protists, invertebrates	3.4-6.0	1 partially double-stranded circular segment (+)	non-vertebrates
Baculoviridae	invertebrates	81.7-178.8	1 circular segment	invertebrates
Barnaviridae	fungi	4.0-4.1	1 linear segment	fungi
Bartogtaviriformidae	bacteria	uncertain	multisegmented	bacteria
Basaltiviridae	archaea	13.2-14.0	1 circular segment	archaea
Belpaoviridae	invertebrates, vertebrates	4.7-9.1	2 identical linear segments	incl-vertebrates
Benyviridae	plants	11.2-16.0	2-5 linear segments	plants
Berryhillviridae	bacteria	46.6-51.3	1 linear segment	bacteria
Betaflexiviridae	plants	6.4-9.5	1 linear segment	plants
Betagokushoviridae	bacteria	4.0-5.1	1 circular segment	bacteria
Betaormycoviridae	fungi, protists	3.9-4.7	2 linear segments	non-vertebrates
Bicaudaviridae	archaea	62.7-62.8	1 circular segment	archaea
Bidnaviridae	invertebrates	12.5-12.6	2 linear segments	invertebrates
Birnaviridae	invertebrates, vertebrates	5.7-6.7	2 linear segments	incl-vertebrates
Blefusviridae	archaea	34.5-34.6	1 linear segment	archaea
Blumeviridae	bacteria	3.7-4.9	1 linear segment	bacteria
Bornaviridae	vertebrates	8.7-11.1	1 linear segment	vertebrates
Botourmiaviridae	fungi, plants	1.6-5.2	1 or 3 linear segments	non-vertebrates
Botybirnaviridae	fungi	11.0-12.5	2 linear segments	fungi
Brachygtaviriformidae	bacteria	uncertain	multisegmented	bacteria
Bromoviridae	plants	7.7-8.9	3 linear segments	plants
Buchnerviridae	bacteria	38.4-61.4	1 linear segment	bacteria
Burtonviroviridae	protists	29.7-29.8	1 circular segment	protists
Caliciviridae	vertebrates	6.4-8.3	1 linear segment	vertebrates
Carmotetraviridae	invertebrates	6.1-6.2	1 linear segment	invertebrates
Casidaviridae	bacteria	40.4-50.2	1 linear segment	bacteria
Casjensviridae	bacteria	54.4-64.0	1 linear segment	bacteria
Caulimoviridae	plants	6.4-9.9	1 circular segment	plants
Chaacviridae	archaea	10.1-10.8	1 segment	archaea
Chaseviridae	bacteria	50.7-57.5	1 linear segment	bacteria
Chicoviridae	bacteria	5.6-6.6	1 circular segment	bacteria
Chimalliviridae	bacteria	211.2-316.7	1 segment	bacteria
Chiyouviridae	archaea	26.8-26.9	1 linear segment	archaea
Chrysoviridae	fungi, plants, invertebrates	8.8-16.1	3-7 linear segments	non-vertebrates
Chuviridae	invertebrates, vertebrates	9.0-12.1	1-2 linear or circular segments	incl-vertebrates
Circoviridae	invertebrates, vertebrates	1.6-2.4	1 circular segment	incl-vertebrates
Clavaviridae	archaea	5.2-5.3	1 circular segment	archaea
Clermontviridae	archaea	37.6-37.7	1 linear segment	archaea
Closteroviridae	plants	12.9-21.1	1-3 linear segments	plants
Colingsworthviridae	bacteria	40.4-45.7	1 linear segment	bacteria
Connertonviridae	bacteria	123.8-183.2	1 linear segment	bacteria
Coronaviridae	vertebrates	25.4-36.7	1 linear segment	vertebrates
Corticoviridae	bacteria	10.0-10.6	1 circular segment	bacteria
Cremegaviridae	vertebrates	14.9-17.8	1 linear segment	vertebrates
Crepuscuviridae	invertebrates	12.0-12.1	1 linear segment	invertebrates
Crevaviridae	bacteria	83.4-95.9	1 segment	bacteria
Cruliviridae	invertebrates	10.7-11.6	3 linear segments	invertebrates
Curvulaviridae	fungi	3.7-4.3	2 linear segments	fungi
Cystoviridae	bacteria	12.6-15.0	3 linear segments	bacteria
Dallocaviridae	archaea	109.5-109.6	1 linear segment	archaea
Danacaviridae	archaea	109.6-109.7	1 linear segment	archaea
Darmviridae	bacteria	93.6-104.1	1 linear segment	bacteria
Deltaflexiviridae	fungi	7.7-8.3	1 linear segment	fungi
Deltaormycoviridae	protists, fungi	4.5-4.9	2 linear segments	non-vertebrates
Demerecviridae	bacteria	97.2-138.0	1 linear segment	bacteria
Dicistroviridae	invertebrates	8.0-10.5	1 linear segment	invertebrates
Discoviridae	fungi	6.3-9.7	3 linear segments	fungi
Dishuiviroviridae	protists	24.7-24.8	1 circular segment	protists
Draupnirviridae	invertebrates, vertebrates	1.5-5.3	1 circular segment	incl-vertebrates
Drexlerviridae	bacteria	37.6-54.5	1 linear segment	bacteria
Druskaviridae	archaea	102.3-103.3	1 linear segment	archaea
Duinviridae	bacteria	3.5-4.5	1 linear segment	bacteria
Dumbiviridae	fungi	4.2-5.0	1 circular segment	fungi
Duneviridae	bacteria	39.2-47.0	1 linear segment	bacteria
Ehrlichviridae	bacteria	48.5-52.9	1 linear segment	bacteria
Ekchuahviridae	archaea	71.7-80.6	1 segment	archaea
Endolinaviridae	protists	2.6-3.2	1 circular segment	protists
Endornaviridae	protists, fungi, plants	9.6-17.7	1 linear segment	non-vertebrates
Epsomviridae	bacteria	659.9-660.0	1 linear segment	bacteria
Eubullaviridae	bacteria	5.3-6.3	1 circular segment	bacteria
Eupolintoviridae	invertebrates, vertebrates	12.5-12.8	1 linear segment	incl-vertebrates
Eurekaviridae	archaea	17.9-18.0	1 circular segment	archaea
Euroniviridae	invertebrates	uncertain	1 linear segment	invertebrates
Felixviridae	bacteria	44.7-46.5	1 linear segment	bacteria
Fervensviridae	archaea	31.2-31.3	1 linear segment	archaea
Fiersviridae	bacteria	3.2-5.1	1 linear segment	bacteria
Filamentoviridae	invertebrates	101.1-137.9	1 circular segment	invertebrates
Filoviridae	vertebrates	13.7-21.0	1 linear segment	vertebrates
Fimoviridae	plants	11.6-18.9	4-10 linear segments	plants
Finnlakeviridae	bacteria	9.1-9.2	1 circular segment	bacteria
Flaviviridae	invertebrates, vertebrates	10.0-11.9	1 linear segment	incl-vertebrates
Forsetiviridae	bacteria	43.9-47.2	1 linear segment	bacteria
Fredfastierviridae	bacteria	43.3-43.5	1 linear segment	bacteria
Fusagraviridae	protists, fungi, plants	8.1-10.8	1 linear segment	non-vertebrates
Fusariviridae	protists, fungi	5.9-10.8	1 linear segment	non-vertebrates
Fuselloviridae	archaea	14.7-24.2	1 circular segment	archaea
Fuxiviridae	archaea	31.9-32.0	1 linear segment	archaea
Gammaflexiviridae	fungi	6.8-9.6	1 linear segment	fungi
Gammaormycoviridae	fungi	4.1-4.7	2 linear segments	fungi
Gandrviridae	invertebrates, vertebrates	5.2-9.1	1 circular segment	incl-vertebrates
Geminiviridae	plants, invertebrates	2.3-5.6	1-2 circular segments	non-vertebrates
Genomoviridae	fungi, plants, invertebrates, vertebrates	1.9-4.0	1 circular segment	incl-vertebrates
Geplanaviridae	plants, invertebrates, vertebrates	1.9-3.0	1 circular segment	incl-vertebrates
Giardiaviridae	protists	6.2-6.3	1 linear segment	protists
Globuloviridae	archaea	18.2-28.4	1 linear segment	archaea
Graaviviridae	archaea	39.7-42.3	1 linear segment	archaea
Gresnaviridae	vertebrates	18.4-18.5	1 linear segment	vertebrates
Grimontviridae	bacteria	75.1-112.2	1 linear segment	bacteria
Groupodiviridae	bacteria	4.4-4.8	1 circular segment	bacteria
Guelinviridae	bacteria	17.7-19.6	1 linear segment	bacteria
Gulliviridae	archaea	76.7-103.4	1 linear segment	archaea
Gulliviroviridae	protists	30.7-30.8	1 linear segment	protists
Guttaviridae	archaea	13.7-13.8	1 circular segment	archaea
Hadakaviridae	fungi	14.3-15.3	10-11 linear segments	fungi
Hafunaviridae	archaea	56.5-76.9	1 linear segment	archaea
Hakuzoviridae	predicted bacteria	10.5-10.6	2 linear segments	bacteria
Halicoviridae	archaea	13.5-13.6	1 segment	archaea
Haloferuviridae	archaea	35.7-38.1	1 linear segment	archaea
Halomagnusviridae	archaea	143.8-143.9	1 linear segment	archaea
Halspiviridae	archaea	14.4-14.5	1 linear segment	archaea
Hantaviridae	vertebrates	10.5-14.6	3 circular segments	vertebrates
Helgolandviridae	bacteria	37.5-37.6	1 linear segment	bacteria
Hepaciviridae	vertebrates	8.5-11.3	1 linear segment	vertebrates
Hepadnaviridae	vertebrates	3.0-3.6	1 circular segment	vertebrates
Hepeviridae	vertebrates	6.5-7.4	1 linear segment	vertebrates
Herelleviridae	bacteria	106.0-167.5	1 linear segment	bacteria
Hirszfeldviridae	bacteria	42.4-46.5	1 linear segment	bacteria
Hodgkinviridae	bacteria	52.6-56.1	1 linear segment	bacteria
Huangdiviridae	predicted archaea	26.5-26.6	1 linear segment	archaea
Hydriviridae	soil (s)	1599.7-1599.8	1 circular segment	non-vertebrates
Hypoviridae	fungi, invertebrates	6.0-20.8	1 linear segment	non-vertebrates
Hytrosaviridae	invertebrates	124.2-190.1	1 circular segment	invertebrates
Iflaviridae	invertebrates	8.8-11.0	1 linear segment	invertebrates
Infernusviridae	archaea	31.6-31.7	1 linear segment	archaea
Inoviridae	bacteria	4.5-10.9	1 circular segment	bacteria
Inseviridae	invertebrates	5.3-6.6	1 linear segment	invertebrates
Intestiviridae	bacteria	88.3-99.2	1 segment	bacteria
Iridoviridae	invertebrates, vertebrates	102.6-288.9	1 linear segment	incl-vertebrates
Itzamnaviridae	archaea	25.5-48.9	1 segment	archaea
Jasonviridae	archaea	75.3-75.4	1 linear segment	archaea
Jeanschmidtviridae	bacteria	207.2-356.3	1 linear segment	bacteria
Kairosviridae	archaea	34.1-34.2	1 linear segment	archaea
Kanorauviridae	plants, invertebrates, vertebrates	1.7-4.0	1 circular segment	incl-vertebrates
Kidogoviridae	bacteria	3.4-3.7	1 circular segment	bacteria
Kirkoviridae	vertebrates	2.8-4.3	1 circular segment	vertebrates
Kitaviridae	plants, invertebrates	12.0-18.5	2-4 linear segments	non-vertebrates
Kleczkowskaviridae	bacteria	206.8-207.7	1 linear segment	bacteria
Kolmioviridae	vertebrates	1.5-1.8	1 circular segment	vertebrates
Konkoviridae	plants	8.7-10.7	4 linear segments	plants
Konodaiviridae	bacteria	56.8-57.7	1 linear segment	bacteria
Krittikaviridae	archaea	79.9-80.0	1 linear segment	archaea
Kruegerviridae	bacteria	84.5-87.6	1 linear segment	bacteria
Kunpengviridae	archaea	35.7-35.8	1 linear segment	archaea
Kyanoviridae	bacteria	144.3-252.5	1 linear segment	bacteria
Lakviridae	bacteria	476.0-548.0	1 linear segment	bacteria
Lebotiviridae	invertebrates	6.7-8.1	1 linear segment	invertebrates
Leishbuviridae	protists	6.9-10.4	3 linear segments	protists
Leisingerviridae	archaea	26.1-26.2	1 linear segment	archaea
Liberviridae	bacteria	8.8-8.9	1 circular segment	bacteria
Lilleviridae	bacteria	5.5-5.9	1 circular segment	bacteria
Lilliviridae	archaea	40.8-40.9	1 linear segment	archaea
Lindbergviridae	bacteria	60.7-76.5	1 linear segment	bacteria
Lipothrixviridae	archaea	31.3-41.2	1 linear segment	archaea
Lispiviridae	invertebrates	6.4-15.7	1 linear segment	invertebrates
Litenviridae	bacteria	6.1-6.6	1 circular segment	bacteria
Litilviridae	bacteria	5.2-6.0	1 circular segment	bacteria
Lomiviridae	archaea	20.8-22.1	1 segment	archaea
Ludisviridae	bacteria	48.6-48.7	1 linear segment	bacteria
Luriaviridae	bacteria	99.7-107.6	1 linear segment	bacteria
Lutetiaviridae	archaea	83.0-83.1	1 linear segment	archaea
Lutzviridae	bacteria	53.4-53.5	1 linear segment	bacteria
Madisaviridae	archaea	44.9-49.2	1 linear segment	archaea
Madridviridae	bacteria	19.3-19.8	1 linear segment	bacteria
Mahapunaviridae	plants, invertebrates, vertebrates	1.9-2.5	1 circular segment	incl-vertebrates
Malacoherpesviridae	invertebrates	207.4-211.6	1 linear segment	invertebrates
Mamonoviridae	protists	362.8-381.3	1 linear segment	protists
Mariniviridae	bacteria	59.7-59.8	1 linear segment	bacteria
Marnaviridae	protists	6.3-9.6	1 linear segment	protists
Marseilleviridae	protists	346.7-380.1	1 circular segment	protists
Matonaviridae	vertebrates	9.6-9.8	1 linear segment	vertebrates
Matsushitaviridae	bacteria	17.0-19.7	1 circular segment	bacteria
Maviroviridae	protists	19.0-19.1	1 circular segment	protists
Mayoviridae	plants	7.6-9.3	2 linear segments	plants
Mazaviridae	bacteria	4.2-4.9	1 circular segment	bacteria
Mazoviaviridae	bacteria	120.1-120.2	1 linear segment	bacteria
Medioniviridae	invertebrates	25.0-25.1	1 linear segment	invertebrates
Megabirnaviridae	fungi	13.9-17.0	2 linear segments	fungi
Megatotiviridae	fungi	12.4-13.4	1 linear segment	fungi
Mesomimiviridae	protists	437.2-583.3	1 linear segment	protists
Mesoniviridae	invertebrates	18.9-21.0	1 linear segment	invertebrates
Mestraviridae	bacteria	8.7-8.8	1 circular segment	bacteria
Mesyanzhinovviridae	bacteria	55.1-64.1	1 linear segment	bacteria
Metaviridae	protists, fungi, plants, invertebrates, vertebrates	4.5-13.6	2 identical linear segments	incl-vertebrates
Metaxyviridae	plants	4.4-4.5	3-4 circular segments	plants
Mimiviridae	protists	617.4-2037.7	1 linear segment	protists
Mitoviridae	fungi, plants	2.1-5.0	1 linear segment	non-vertebrates
Molycolviridae	bacteria	124.1-124.7	1 linear segment	bacteria
Monocitiviridae	fungi	6.0-6.1	1 linear segment	fungi
Mononiviridae	invertebrates	41.1-41.2	1 linear segment	invertebrates
Mtkvariviridae	bacteria	68.5-79.5	1 linear segment	bacteria
Mycoalphaviridae	protists, fungi	6.0-8.1	1 linear segment	non-vertebrates
Mymonaviridae	protists, fungi, invertebrates	5.6-11.7	1 linear segment	non-vertebrates
Mypoviridae	invertebrates	15.9-16.0	3 linear segments	invertebrates
Myriaviridae	invertebrates	13.5-13.6	1 linear segment	invertebrates
Nairoviridae	invertebrates, vertebrates	17.4-21.1	3 linear segments	incl-vertebrates
Nanghoshaviridae	vertebrates	13.1-13.2	1 linear segment	vertebrates
Nanhypoviridae	vertebrates	18.2-18.3	1 linear segment	vertebrates
Nanicoviridae	archaea	18.0-18.1	1 segment	archaea
Nanopleoviridae	archaea	9.0-9.1	1 segment	archaea
Nanoviridae	plants	6.3-8.2	6-8 circular segments	plants
Naomviridae	bacteria	75.0-75.1	1 linear segment	bacteria
Narnaviridae	fungi	2.5-2.9	1 linear segment	fungi
Naryaviridae	protists	1.7-2.8	1 circular segment	protists
Natareviridae	invertebrates	12.8-12.9	1 linear segment	invertebrates
Nenyaviridae	protists	1.6-3.0	1 circular segment	protists
Nimaviridae	invertebrates	243.9-309.3	1 circular segment	invertebrates
Nipumfusiviridae	archaea	27.1-38.1	1 linear segment	archaea
Nixviridae	bacteria	41.9-49.6	1 linear segment	bacteria
Nodaviridae	invertebrates, vertebrates	4.2-4.6	2 linear segments	incl-vertebrates
Noraviridae	invertebrates	12.3-12.4	1 linear segment	invertebrates
Nudiviridae	invertebrates	83.8-231.7	1 circular segment	invertebrates
Nyamiviridae	invertebrates, vertebrates	7.4-13.3	1-2 linear segments	incl-vertebrates
Obscuriviridae	bacteria	6.4-6.6	1 circular segment	bacteria
Occultatumviridae	bacteria	6.3-6.4	1 circular segment	bacteria
Olifoviridae	vertebrates	15.3-15.4	1 linear segment	vertebrates
Omnilimnoviroviridae	protists	23.3-23.4	1 circular segment	protists
Oomyviridae	predicted protists	2.9-4.7	1 linear segment	protists
Ootiviridae	protists	5.2-5.9	1 linear segment	protists
Orlajensenviridae	bacteria	17.0-17.6	1 linear segment	bacteria
Orpheoviridae	protists	1473.5-1473.6	1 circular segment	protists
Orthoherpesviridae	vertebrates	108.4-241.1	1 linear segment	vertebrates
Orthomyxoviridae	invertebrates, vertebrates	10.3-14.5	6-8 linear segments	incl-vertebrates
Orthototiviridae	protists, fungi, plants, invertebrates	3.9-5.6	1 linear segment	non-vertebrates
Osikeviridae	bacteria	2.9-3.3	1 circular segment	bacteria
Ourmiaviridae	invertebrates, plants	1.8-4.9	1-3 linear segments	non-vertebrates
Ouroboviridae	invertebrates, vertebrates	1.2-2.6	1 circular segment	incl-vertebrates
Ovaliviridae	archaea	23.2-23.3	1 linear segment	archaea
Pachyviridae	bacteria	71.4-78.9	1 linear segment	bacteria
Pamosaviridae	plants	0.8-0.9	1 linear segment	plants
Papillomaviridae	vertebrates	5.7-8.7	1 circular segment	vertebrates
Parahypoviridae	fungi	8.9-11.3	1 linear segment	fungi
Paramyxoviridae	vertebrates	14.6-21.6	1 linear segment	vertebrates
Parnassusviridae	bacteria	10.0-10.1	1 circular segment	bacteria
Partitiviridae	protists, fungi, plants	3.0-4.8	2 linear segments	non-vertebrates
Parvoviridae	invertebrates, vertebrates	3.3-6.7	1-2 linear segments	incl-vertebrates
Paulinoviridae	bacteria	5.6-6.8	1 circular segment	bacteria
Pecoviridae	vertebrates	2.7-3.1	1 circular segment	vertebrates
Peduoviridae	bacteria	27.4-45.0	1 linear segment	bacteria
Pequenoviridae	bacteria	6.4-6.5	1 circular segment	bacteria
Peribunyaviridae	invertebrates, vertebrates	10.6-17.7	3 linear segments	incl-vertebrates
Permutotetraviridae	invertebrates	5.6-5.7	1 linear segment	invertebrates
Pervagoviridae	bacteria	72.5-73.0	1 linear segment	bacteria
Pestiviridae	vertebrates, invertebrates, plants	11.2-24.1	1 linear segment	incl-vertebrates
Phasmaviridae	invertebrates	9.9-15.5	3 linear segments	invertebrates
Phenuiviridae	fungi, plants, invertebrates, vertebrates	7.7-25.2	2-8 linear segments	incl-vertebrates
Phlegiviridae	fungi	9.4-11.6	1 linear segment	fungi
Phycodnaviridae	protists	154.6-407.4	1 linear segment	protists
Phypoliviridae	protists	26.4-26.5	1 linear segment	protists
Piccoloviridae	bacteria	5.2-5.3	1 circular segment	bacteria
Pichoviridae	bacteria	4.1-5.0	1 circular segment	bacteria
Picobirnaviridae	bacteria	3.5-4.3	2 linear segments	bacteria
Picornaviridae	vertebrates	2.1-10.2	1 linear segment	vertebrates
Pieniviridae	bacteria	6.0-6.4	1 circular segment	bacteria
Pigerviridae	archaea	53.2-53.3	1 linear segment	archaea
Pikkuviridae	bacteria	5.5-7.0	1 circular segment	bacteria
Pistolviridae	vertebrates	5.8-6.7	1 linear segment	vertebrates
Pithoviridae	protists	460.0-683.3	1 circular segment	protists
Piticuviridae	bacteria	5.0-5.1	1 circular segment	bacteria
Pituviridae	bacteria	34.1-59.1	1 linear segment	bacteria
Plasmaviridae	bacteria	11.9-12.0	1 circular segment	bacteria
Plectroviridae	bacteria	4.4-8.3	1 circular segment	bacteria
Pleolipoviridae	archaea	7.0-17.0	1 circular segment, or 1 linear segment	archaea
Pneumoviridae	vertebrates	13.3-15.3	1 linear segment	vertebrates
Polycipiviridae	invertebrates	10.3-12.2	1 linear segment	invertebrates
Polydnaviriformidae	invertebrates	uncertain	uncertain	invertebrates
Polymycoviridae	fungi	7.4-12.3	4-8 linear segments	fungi
Polyomaviridae	vertebrates	3.9-7.4	1 circular segment	vertebrates
Pootjesviridae	bacteria	143.3-158.6	1 linear segment	bacteria
Portogloboviridae	archaea	20.2-20.5	1 circular segment	archaea
Pospiviroidae	plants	0.2-0.4	1 circular segment	plants
Potyliviridae	fungi	7.4-7.9	1 linearsegment	fungi
Potyviridae	plants	8.1-11.7	1-2 linear segments	plants
Poxviridae	invertebrates, vertebrates	127.8-359.9	1 linear segment	incl-vertebrates
Pseudototiviridae	protists, fungi, vertebrates	4.6-6.3	1 linear segment	incl-vertebrates
Pseudoviridae	protists, fungi, plants, invertebrates	4.6-21.9	2 identical linear segments	non-vertebrates
Pungoviridae	archaea	37.0-37.1	1 linear segment	archaea
Pyrstoviridae	archaea	40.4-42.3	1 linear segment	archaea
Qinviridae	invertebrates	7.3-8.3	2 linear segments	invertebrates
Quadriviridae	fungi	16.8-17.6	4 linear segments	fungi
Quambiviridae	fungi	4.5-5.2	1 circular segment	fungi
Quasboviridae	archaea	32.1-32.2	1 linear segment	archaea
Redondoviridae	vertebrates	3.0-3.1	1 circular segment	vertebrates
Retroviridae	vertebrates	2.4-13.3	2 identical linear segments	vertebrates
Rhabdoviridae	plants, invertebrates, vertebrates	9.4-16.7	1-2 linear segments	incl-vertebrates
Rhizouliviridae	fungi	3.2-5.3	1 linear segment	fungi
Rhodogtaviriformidae	bacteria	uncertain	multisegmented	bacteria
Roniviridae	invertebrates	26.2-29.2	1 linear segment	invertebrates
Rountreeviridae	bacteria	16.6-18.9	1 linear segment	bacteria
Rudiviridae	archaea	20.2-36.5	1 linear segment	archaea
Ruviroviridae	protists	26.2-26.3	1 linear segment	protists
Saffermanviridae	bacteria	39.7-44.9	1 linear segment	bacteria
Saladoviridae	archaea	30.8-34.1	1 linear segment	archaea
Salasmaviridae	bacteria	17.7-29.0	1 linear segment	bacteria
Saparoviridae	archaea	52.6-54.3	1 linear segment	archaea
Sarkviridae	bacteria	39.7-44.9	1 linear segment	bacteria
Sarthroviridae	invertebrates	0.7-0.9	1 linear segment	invertebrates
Satyavativiridae	archaea	86.9-87.0	1 linear segment	archaea
Schitoviridae	bacteria	59.0-79.7	1 linear segment	bacteria
Schizomimiviridae	protists	370.9-1421.2	1 linear segment	protists
Seadebiviridae	archaea	47.4-77.9	1 linear segment	archaea
Secoviridae	plants	8.8-15.5	1-2 linear segments	plants
Sedoreoviridae	protists, plants, invertebrates, vertebrates	17.8-25.8	10-12 linear segments	incl-vertebrates
Shortaselviridae	archaea	32.1-32.2	1 linear segment	archaea
Simuloviridae	archaea	16.4-19.0	1 circular segment	archaea
Sinhaliviridae	invertebrates	5.9-6.0	1 linear segment	invertebrates
Skuldviridae	archaea	11.2-11.5	1 segment	archaea
Smacoviridae	predicted archaea	2.2-3.1	1 circular segment	archaea
Soleiviridae	archaea	63.3-63.4	1 linear segment	archaea
Solemoviridae	plants	3.6-6.4	1 linear segment	plants
Solinviviridae	invertebrates	10.4-11.0	1 linear segment	invertebrates
Solspiviridae	bacteria	3.4-5.9	1 linear segment	bacteria
Soropartitiviridae	bacteria	3.3-3.4	2 linear segments	bacteria
Speroviridae	archaea	42.4-42.5	1 segment	archaea
Sphaerolipoviridae	archaea	28.0-31.4	1 linear segment	archaea
Spiciviridae	plants, invertebrates	6.1-8.8	1 linear segment	non-vertebrates
Spinareoviridae	fungi, plants, invertebrates, vertebrates	22.4-29.4	9-12 linear segments	incl-vertebrates
Spiraviridae	archaea	24.8-24.9	1 circular segment	archaea
Splipalmiviridae	fungi	4.0-7.0	2-4 linear segments	fungi
Sputniviroviridae	protists	17.2-18.4	1 circular segment	protists
Stackebrandtviridae	bacteria	55.0-61.3	1 linear segment	bacteria
Stanwilliamsviridae	bacteria	125.7-135.7	1 linear segment	bacteria
Steigviridae	bacteria	93.5-104.6	1 linear segment	bacteria
Steitzviridae	bacteria	3.2-5.2	1 linear segment	bacteria
Straboviridae	bacteria	121.4-248.1	1 linear segment	bacteria
Sukshmaviridae	bacteria	4.4-5.5	1 circular segment	bacteria
Sunviridae	vertebrates	17.1-17.2	1 linear segment	vertebrates
Suolaviridae	archaea	35.2-35.3	1 linear segment	archaea
Suoliviridae	bacteria	92.6-104.8	1 segment	bacteria
Tainaviridae	bacteria	5.5-6.7	1 circular segment	bacteria
Tectiviridae	bacteria	14.3-18.3	1 linear segment	bacteria
Tenebraviridae	archaea	43.0-43.1	1 linear segment	archaea
Thalassapleoviridae	archaea	13.3-18.0	1 circular segment	archaea
Thaspiviridae	archaea	27.5-29.0	1 linear segment	archaea
Tinaiviridae	bacteria	151.3-151.4	1 linear segment	bacteria
Tobaliviridae	fungi	9.5-11.5	1 linear segment	fungi
Tobaniviridae	vertebrates	20.2-36.2	1 linear segment	vertebrates
Togaviridae	invertebrates, vertebrates	11.2-12.1	1 linear segment	incl-vertebrates
Tolecusatellitidae	plants	0.6-1.4	1 circular segment	plants
Tombusviridae	plants	3.6-6.1	1-2 linear segments	plants
Tomosaviridae	plants	1.0-1.1	1 linear segment	plants
Tonesaviridae	plants	1.1-1.3	1 linear segment	plants
Tosoviridae	vertebrates	12.3-12.4	2 linear segments	vertebrates
Tospoviridae	plants, invertebrates	12.8-17.4	3 linear segments	non-vertebrates
Toyamaviridae	bacteria	62.1-68.0	1 linear segment	bacteria
Trautnerviridae	bacteria	42.8-46.3	1 linear segment	bacteria
Trimbiviridae	fungi	4.4-5.0	1 circular segment	fungi
Tripviridae	bacteria	192.0-192.1	1 linear segment	bacteria
Tristromaviridae	archaea	17.6-17.8	1 linear segment	archaea
Tulasviridae	fungi	12.1-14.3	1 linear segment	fungi
Turriviridae	archaea	16.6-17.7	1 circular segment	archaea
Tymoviridae	plants, invertebrates	6.0-7.6	1 linear segment	non-vertebrates
Umezonoviridae	bacteria	28.7-31.8	1 linear segment	bacteria
Unambiviridae	fungi	4.3-4.9	1 circular segment	fungi
Ungulaviridae	archaea	20.8-20.9	1 linear segment	archaea
Usuviridae	archaea	37.0-38.9	1 linear segment	archaea
Vandenendeviridae	bacteria	84.5-101.6	1 linear segment	bacteria
Verdandiviridae	archaea	19.5-20.5	1 segment	archaea
Vertoviridae	archaea	55.1-58.5	1 linear segment	archaea
Vilmaviridae	bacteria	68.0-84.4	1 linear segment	bacteria
Vilyaviridae	protists	1.9-2.4	1 circular segment	protists
Virgaviridae	plants	6.2-12.4	1-3 linear segments	plants
Winoviridae	bacteria	34.7-39.7	1 linear segment	bacteria
Wupedeviridae	invertebrates	20.4-20.5	3 linear segments	invertebrates
Xigoviridae	archaea	9.0-9.1	1 segment	archaea
Xinmoviridae	invertebrates	9.6-15.7	1 linear segment	invertebrates
Yadokariviridae	fungi	2.8-6.4	1 linear segment	fungi
Yadonushiviridae	fungi	8.9-9.0	1 linear segment	fungi
Yamazakiviridae	archaea	38.0-38.1	1 circular segment	archaea
Yangangviridae	archaea	36.6-38.3	1 segment	archaea
Yanlukaviridae	archaea	35.8-35.9	1 segment	archaea
Yaraviridae	protists	44.9-45.0	1 linear segment	protists
Yueviridae	invertebrates	7.7-8.2	2 linear segments	invertebrates
Zierdtviridae	bacteria	64.1-70.6	1 linear segment	bacteria
Zimmerviridae	bacteria	41.9-50.2	1 linear segment	bacteria
Zobellviridae	bacteria	38.8-49.7	1 linear segment	bacteria
